{
    "name": "root",
    "gauges": {
        "JumpAgent.Policy.Entropy.mean": {
            "value": 0.6217209696769714,
            "min": 0.6217209696769714,
            "max": 1.4389185905456543,
            "count": 234
        },
        "JumpAgent.Policy.Entropy.sum": {
            "value": 1233.494384765625,
            "min": 1233.494384765625,
            "max": 2920.779296875,
            "count": 234
        },
        "JumpAgent.Step.mean": {
            "value": 467980.0,
            "min": 1984.0,
            "max": 467980.0,
            "count": 234
        },
        "JumpAgent.Step.sum": {
            "value": 467980.0,
            "min": 1984.0,
            "max": 467980.0,
            "count": 234
        },
        "JumpAgent.Policy.ExtrinsicValueEstimate.mean": {
            "value": -0.005749838892370462,
            "min": -0.3000902831554413,
            "max": 0.170370951294899,
            "count": 234
        },
        "JumpAgent.Policy.ExtrinsicValueEstimate.sum": {
            "value": -0.17824500799179077,
            "min": -21.60650062561035,
            "max": 5.28149938583374,
            "count": 234
        },
        "JumpAgent.Losses.PolicyLoss.mean": {
            "value": 0.22802043608675446,
            "min": 0.1963958307114303,
            "max": 0.2616382829154797,
            "count": 234
        },
        "JumpAgent.Losses.PolicyLoss.sum": {
            "value": 3.4203065413013167,
            "min": 3.1423332913828848,
            "max": 4.186212526647675,
            "count": 234
        },
        "JumpAgent.Losses.ValueLoss.mean": {
            "value": 2.9623733687731985e-05,
            "min": 6.230439887204923e-07,
            "max": 0.009179619800800435,
            "count": 234
        },
        "JumpAgent.Losses.ValueLoss.sum": {
            "value": 0.0004443560053159798,
            "min": 9.345659830807385e-06,
            "max": 0.14687391681280695,
            "count": 234
        },
        "JumpAgent.Policy.LearningRate.mean": {
            "value": 0.000159894046702,
            "min": 0.000159894046702,
            "max": 0.00029969280010239997,
            "count": 234
        },
        "JumpAgent.Policy.LearningRate.sum": {
            "value": 0.00239841070053,
            "min": 0.0023981199006269,
            "max": 0.0047855616048127995,
            "count": 234
        },
        "JumpAgent.Policy.Epsilon.mean": {
            "value": 0.15329800000000002,
            "min": 0.15329800000000002,
            "max": 0.1998976,
            "count": 234
        },
        "JumpAgent.Policy.Epsilon.sum": {
            "value": 2.2994700000000003,
            "min": 2.1993731000000007,
            "max": 3.1951872000000003,
            "count": 234
        },
        "JumpAgent.Policy.Beta.mean": {
            "value": 0.0005000000000000002,
            "min": 0.0005,
            "max": 0.0005000000000000002,
            "count": 234
        },
        "JumpAgent.Policy.Beta.sum": {
            "value": 0.007500000000000003,
            "min": 0.007000000000000003,
            "max": 0.008,
            "count": 234
        },
        "JumpAgent.IsTraining.mean": {
            "value": 1.0,
            "min": 1.0,
            "max": 1.0,
            "count": 234
        },
        "JumpAgent.IsTraining.sum": {
            "value": 1.0,
            "min": 1.0,
            "max": 1.0,
            "count": 234
        },
        "JumpAgent.Environment.EpisodeLength.mean": {
            "value": 508.46153846153845,
            "min": 0.2222222222222222,
            "max": 2738.0,
            "count": 159
        },
        "JumpAgent.Environment.EpisodeLength.sum": {
            "value": 6610.0,
            "min": 2.0,
            "max": 8043.0,
            "count": 159
        },
        "JumpAgent.Environment.CumulativeReward.mean": {
            "value": -0.46153846153846156,
            "min": -0.5,
            "max": -0.35714285714285715,
            "count": 158
        },
        "JumpAgent.Environment.CumulativeReward.sum": {
            "value": -6.0,
            "min": -22.5,
            "max": -2.5,
            "count": 158
        },
        "JumpAgent.Policy.ExtrinsicReward.mean": {
            "value": -0.46153846153846156,
            "min": -0.5,
            "max": -0.35714285714285715,
            "count": 158
        },
        "JumpAgent.Policy.ExtrinsicReward.sum": {
            "value": -6.0,
            "min": -22.5,
            "max": -2.5,
            "count": 158
        }
    },
    "metadata": {
        "timer_format_version": "0.1.0",
        "start_time_seconds": "1682426090",
        "python_version": "3.9.7 (default, Sep 16 2021, 16:59:28) [MSC v.1916 64 bit (AMD64)]",
        "command_line_arguments": "D:\\G86\\anaconda3\\Scripts\\mlagents-learn config/JumpAgent.yaml --run-id=JumpAgent --force",
        "mlagents_version": "0.29.0",
        "mlagents_envs_version": "0.29.0",
        "communication_protocol_version": "1.5.0",
        "pytorch_version": "1.7.1+cu110",
        "numpy_version": "1.21.2",
        "end_time_seconds": "1682431487"
    },
    "total": 5397.3014315,
    "count": 1,
    "self": 0.007064600000376231,
    "children": {
        "run_training.setup": {
            "total": 0.29298939999999973,
            "count": 1,
            "self": 0.29298939999999973
        },
        "TrainerController.start_learning": {
            "total": 5397.0013775,
            "count": 1,
            "self": 8.760553099885328,
            "children": {
                "TrainerController._reset_env": {
                    "total": 29.424704600000002,
                    "count": 1,
                    "self": 29.424704600000002
                },
                "TrainerController.advance": {
                    "total": 5357.383605500115,
                    "count": 471339,
                    "self": 8.466265399977601,
                    "children": {
                        "env_step": {
                            "total": 3639.620077000141,
                            "count": 471339,
                            "self": 2601.515991400355,
                            "children": {
                                "SubprocessEnvManager._take_step": {
                                    "total": 1032.4493188997503,
                                    "count": 471339,
                                    "self": 27.742950299882523,
                                    "children": {
                                        "TorchPolicy.evaluate": {
                                            "total": 1004.7063685998678,
                                            "count": 469301,
                                            "self": 349.4366850998406,
                                            "children": {
                                                "TorchPolicy.sample_actions": {
                                                    "total": 655.2696835000272,
                                                    "count": 469301,
                                                    "self": 655.2696835000272
                                                }
                                            }
                                        }
                                    }
                                },
                                "workers": {
                                    "total": 5.654766700035864,
                                    "count": 471338,
                                    "self": 0.0,
                                    "children": {
                                        "worker_root": {
                                            "total": 5366.857533999982,
                                            "count": 471338,
                                            "is_parallel": true,
                                            "self": 3188.680573599962,