{"count":1,"self":869.79901439999992,"total":2367.3817873999997,"children":{"InitializeActuators":{"count":1,"self":0.0030361,"total":0.0030361,"children":null},"InitializeSensors":{"count":1,"self":0.003055,"total":0.003055,"children":null},"AgentSendState":{"count":1000034,"self":4.9256408,"total":51.8358985,"children":{"CollectObservations":{"count":100004,"self":0.2853852,"total":0.2853852,"children":null},"WriteActionMask":{"count":100004,"self":0.1705749,"total":0.1705749,"children":null},"RequestDecision":{"count":100004,"self":0.76757029999999993,"total":46.454297499999996,"children":{"AgentInfo.ToProto":{"count":100004,"self":0.92094809999999994,"total":45.6867272,"children":{"GenerateSensorData":{"count":100004,"self":44.535855999999995,"total":44.765779099999996,"children":{"RayPerceptionSensor.Perceive":{"count":100004,"self":0.22992259999999998,"total":0.22992259999999998,"children":null}}}}}}}}},"DecideAction":{"count":1000034,"self":1436.4233728,"total":1436.4233789999998,"children":null},"AgentAct":{"count":1000034,"self":7.042336,"total":9.3078811,"children":{"AgentInfo.ToProto":{"count":4070,"self":0.041510599999999995,"total":2.2655453999999997,"children":{"GenerateSensorData":{"count":4070,"self":2.2129377999999997,"total":2.2240348,"children":{"RayPerceptionSensor.Perceive":{"count":4070,"self":0.011097,"total":0.011097,"children":null}}}}}}}},"gauges":{"CubeAgent.CumulativeReward":{"count":4070,"max":1,"min":0,"runningAverage":0.509705365,"value":0.5,"weightedAverage":0.482780516}},"metadata":{"timer_format_version":"0.1.0","start_time_seconds":"1681394466","unity_version":"2020.3.30f1","command_line_arguments":"C:\\Program Files\\Unity\\Hub\\Editor\\2020.3.30f1\\Editor\\Unity.exe -projectpath D:\\School\\School 2022-2023\\SEM2\\vr\\LABOS\\MlAgent23 -useHub -hubIPC -cloudEnvironment production -licensingIpc LicenseClient-ali-b -hubSessionId 5af10960-d9fe-11ed-8b76-b362568cbce7 -accessToken v-zAVRrEZ5o-vbxtl-oRDIe8x3eQFcaQ4MaZ2dHj2XY012f","communication_protocol_version":"1.5.0","com.unity.ml-agents_version":"2.0.1","scene_name":"New Scene","end_time_seconds":"1681396834"}}